{
    "8":{
        "qnrf": {
            "bins": {
                "fine":[
                    [0, 0], [1, 1], [2, 2], [3, 3], [4, 4],
                    [5, 5], [6, 6], [7, 7], [8, "inf"]
                ],
                "dynamic": [
                    [0, 0], [1, 1], [2, 2], [3, 3],
                    [4, 5], [6, 7], [8, "inf"]
                ],
                "coarse": [
                    [0, 0], [1, 2], [3, 4], [5, 6], [7, "inf"]
                ]
            },
            "anchor_points": {
                "fine": {
                    "middle": [0, 1, 2, 3, 4, 5, 6, 7, 8],
                    "average": [0, 1, 2, 3, 4, 5, 6, 7, 9.23349]
                },
                "dynamic": {
                    "middle": [0, 1, 2, 3, 4.5, 6.5, 8],
                    "average": [0, 1, 2, 3, 4.29278, 6.31441, 9.23349]
                },
                "coarse": {
                    "middle": [0, 1.5, 3.5, 5.5, 7],
                    "average": [0, 1.14978, 3.27641, 5.30609, 8.11466]
                }
            }
        }
    },
    "15": {
        "diabp": {
            "bins": {
                "fine": [[45, 59], [60, 69], [70, 73], [74, 77], [78, 79], [80, 80], [81, 82], [83, 84], [85, 85], [86, 87], [88, 89], [90, 90], [91, 94], [95, 104], [105, "inf"]]
            },
            "anchor_points": {
                "fine": {
                    "middle": [52, 64.5, 71.5, 75.5, 78.5, 80, 81.5, 83.5, 85, 86.5, 88.5, 90, 92.5, 99.5, 116],
                    "average": [52, 64.5, 71.5, 75.5, 78.5, 80, 81.5, 83.5, 85, 86.5, 88.5, 90, 92.5, 99.5, 116]
                }
            }
        }
    }
}